page,n_fields,mean_accuracy,std_dev,consistency_rate
amazon,4,0.75,0.433012702,1
bible,5,0.76,0.332264955,0.2
cricbuzz,5,0.64,0.445421149,0.6
dictionary,7,0.833333333,0.372677996,1
houston,11,0.463636364,0.461760913,0.727272727
livescore,4,0.333333333,0.471404521,0.75
pexels,4,0.45,0.45,0.25
sky,14,0.835714286,0.345599154,0.857142857
steam,5,0.1,0.1,0.6
zomato,5,0.55,0.45,0.6
