page,n_fields,mean_accuracy,std_dev,consistency_rate
amzon,5,0.75,0.433012702,1
bible,5,0.88,0.24,0.8
cricbuzz,5,0.64,0.233238076,0.2
dictionary,7,0.533333333,0.445969605,0.714285714
houston,11,0.509090909,0.466036568,0.636363636
livescore,4,0.9,0.141421356,0.75
pexels,4,0.7,0.40620192,0.25
sky,16,0.65,0.35,0.5
steam,5,0.475,0.369966215,0.6
zomato,5,0.65,0.259807621,0.4
