page,n_fields,mean_accuracy,std_accuracy,consistency_rate
amazon,5,0.6,0.070710678,0.2
bible,5,0.64,0.293938769,0.2
cricbuzz,5,0.68,0.116619038,0
dictionary,9,0.75,0.111803399,0.444444444
houston,10,0.91,0.03,0.1
livescore,4,0.5,0.355902608,0.5
pexels,4,0.25,0.433012702,1
sky,14,0.238461538,0.261764608,0.5
steam,5,0.625,0.258602011,0
zomato,5,0.25,0.433012702,0.8
