page,n_fields,mean_accuracy,std_accuracy,consistency_rate
amazon,4,0.8,0.346410162,0.75
bible,5,0.76,0.387814389,0.6
cricbuzz,6,0.683333333,0.448763734,0.833333333
dictionary,7,0.833333333,0.372677996,1
houston,10,0.28,0.406939799,0.6
livescore,3,0.333333333,0.471404521,0.666666667
pexels,4,0.5,0.5,1
sky,15,0.385714286,0.445384493,0.266666667
steam,5,0,0,1
zomato,4,0.5,0.5,1
