page,n_fields,mean_accuracy,std_accuracy,consistency_rate
amazon,4,0.75,0.433012702,1
bible,5,0.74,0.377359245,0.4
cricbuzz,5,0.56,0.463033476,0.8
dictionary,7,0.333333333,0.471404521,1
houston,10,0.4,0.489897949,1
livescore,4,0.566666667,0.402768199,0.25
pexels,4,0.725,0.420565096,0.75
sky,14,0.178571429,0.204165799,0.142857143
steam,5,0.25,0.433012702,1
zomato,4,0.225,0.389711432,0.75
